# RI_ES, LU_ES, UI_ES, LE_ES
3.628663339941016752e-01,3.794761846176202269e-01,3.811964524939773225e-01,4.945374089329165335e-01,5.000000000000000000e-01,1.000000000000000000e+00
